"run_id","architecture","strategy","scenario_mode","users","iterations","initial_stock","baseline_initial_stock","hikari_max_pool_size","hikari_connection_timeout_ms","waiting_room_enabled","active_capacity","failure_limit","duplicate_requests","http_req_failed_rate","http_p50_ms","http_p95_ms","http_p99_ms","reservation_p50_ms","reservation_p95_ms","reservation_p99_ms","reservation_attempts","reservation_created","reservation_reused","sold_out_responses","already_reserved_responses","retryable_failure_responses","active_token_required_responses","idempotency_processing_responses","unexpected_responses","db_sold_quantity","db_reserved_count","duplicate_reservation_count","redis_available","stock_decision_count","decision_reservation_gap","oversell_count","idempotency_hit_metric","duplicate_rejected_metric","front_gate_accepted_metric","front_gate_rejected_metric","compensation_success_metric","compensation_failure_metric"
"20260710-004116-redis-frontgate-normal-u1000-pool10","redis-frontgate","redis-frontgate","normal","1000","1000","100","100","10","30000","false","100","0","1","0","225.885141","765.271528","802.509854","226.686418","765.2786735","802.52896214","1000","100","0","900","0","0","0","0","0","0","100","0","0","100","0","0","0","0","100","900","0","0"
"20260710-004116-rdb-atomic-normal-u1000-pool10","rdb-atomic","rdb-atomic","normal","1000","1000","100","100","10","30000","false","100","0","1","0","847.574204","1476.674017","1636.426127","847.632801","1476.79838225","1636.48877898","1000","100","0","900","0","0","0","0","0","100","100","0",,"100","0","0","0","0","0","0","0","0"
"20260710-004116-redis-frontgate-normal-u3000-pool10","redis-frontgate","redis-frontgate","normal","3000","3000","100","100","10","30000","false","100","0","1","0","848.988519","1312.308187","1466.301214","849.1723695","1312.33547255","1466.31804399","3000","100","0","2900","0","0","0","0","0","0","100","0","0","100","0","0","0","0","100","2900","0","0"
"20260710-004116-rdb-atomic-normal-u3000-pool10","rdb-atomic","rdb-atomic","normal","3000","3000","100","100","10","30000","false","100","0","1","0","1963.873294","2620.918169","2796.935163","1964.0204085","2621.13698825","2796.96103923","3000","100","0","2900","0","0","0","0","0","100","100","0",,"100","0","0","0","0","0","0","0","0"
"20260710-004116-redis-frontgate-normal-u5000-pool10","redis-frontgate","redis-frontgate","normal","5000","5000","100","100","10","30000","false","100","0","1","0","915.955112","1310.913588","1369.366661","915.983466","1310.93300475","1369.37862835","5000","100","0","4900","0","0","0","0","0","0","100","0","0","100","0","0","0","0","100","4900","0","0"
"20260710-004116-rdb-atomic-normal-u5000-pool10","rdb-atomic","rdb-atomic","normal","5000","5000","100","100","10","30000","false","100","0","1","0","3500.500651","3955.943446","4071.829392","3500.702822","3955.9737168","4071.83042819","5000","100","0","4900","0","0","0","0","0","100","100","0",,"100","0","0","0","0","0","0","0","0"
"20260710-004116-redis-frontgate-sold-out-u1000-pool10","redis-frontgate","redis-frontgate","sold-out","1000","1000","0","100","10","30000","false","100","0","1","0","208.602098","465.639403","482.71144","208.686193","465.69449085","482.71513476","1000","0","0","1000","0","0","0","0","0","0","0","0","0","0","0","0","0","0","0","1000","0","0"
"20260710-004116-rdb-atomic-sold-out-u1000-pool10","rdb-atomic","rdb-atomic","sold-out","1000","1000","0","100","10","30000","false","100","0","1","0","378.427013","863.459129","900.093386","378.450608","863.4965836","900.0941713","1000","0","0","1000","0","0","0","0","0","0","0","0",,"0","0","0","0","0","0","0","0","0"
"20260710-004116-redis-frontgate-sold-out-u3000-pool10","redis-frontgate","redis-frontgate","sold-out","3000","3000","0","100","10","30000","false","100","0","1","0","373.848435","733.510328","815.359231","373.9591305","733.52478715","815.36094468","3000","0","0","3000","0","0","0","0","0","0","0","0","0","0","0","0","0","0","0","3000","0","0"
"20260710-004116-rdb-atomic-sold-out-u3000-pool10","rdb-atomic","rdb-atomic","sold-out","3000","3000","0","100","10","30000","false","100","0","1","0","1650.248853","2219.696096","2283.215806","1650.282296","2219.70348865","2283.24926142","3000","0","0","3000","0","0","0","0","0","0","0","0",,"0","0","0","0","0","0","0","0","0"
"20260710-004116-redis-frontgate-sold-out-u5000-pool10","redis-frontgate","redis-frontgate","sold-out","5000","5000","0","100","10","30000","false","100","0","1","0","1041.760898","1566.823491","1710.738143","1041.7664275","1566.84359805","1710.75003667","5000","0","0","5000","0","0","0","0","0","0","0","0","0","0","0","0","0","0","0","5000","0","0"
"20260710-004116-rdb-atomic-sold-out-u5000-pool10","rdb-atomic","rdb-atomic","sold-out","5000","5000","0","100","10","30000","false","100","0","1","0","3449.722083","4411.297541","4649.261831","3450.51012","4411.3144233","4649.32885752","5000","0","0","5000","0","0","0","0","0","0","0","0",,"0","0","0","0","0","0","0","0","0"
"20260710-004116-redis-frontgate-duplicate-u1000-pool10","redis-frontgate","redis-frontgate","duplicate","1000","1000","1000","100","10","30000","false","100","0","2","0","1062.03919","1639.595456","1798.868699","1062.2770795","1639.6172358","1799.04682221","2000","1000","1000","0","0","0","0","0","0","0","1000","0","0","1000","0","0","1000","0","1000","1000","0","0"
"20260710-004116-rdb-atomic-duplicate-u1000-pool10","rdb-atomic","rdb-atomic","duplicate","1000","1000","1000","100","10","30000","false","100","0","2","0","2098.816867","2901.403491","3035.462292","2099.0656985","2901.44868195","3035.49349989","2000","1000","1000","0","0","0","0","0","0","1000","1000","0",,"1000","0","0","1000","0","0","0","0","0"
"20260710-004116-redis-frontgate-duplicate-u3000-pool10","redis-frontgate","redis-frontgate","duplicate","3000","3000","3000","100","10","30000","false","100","0","2","0","1966.880187","2549.137602","2732.834479","1966.8885695","2549.13783155","2732.83852505","6000","3000","3000","0","0","0","0","0","0","0","3000","0","0","3000","0","0","3000","0","3000","3000","0","0"
"20260710-004116-rdb-atomic-duplicate-u3000-pool10","rdb-atomic","rdb-atomic","duplicate","3000","3000","3000","100","10","30000","false","100","0","2","0","3548.690738","5785.374518","6097.364021","3548.79638","5785.4197926","6097.37098394","6000","3000","3000","0","0","0","0","0","0","3000","3000","0",,"3000","0","0","3000","0","0","0","0","0"
"20260710-004116-redis-frontgate-duplicate-u5000-pool10","redis-frontgate","redis-frontgate","duplicate","5000","5000","5000","100","10","30000","false","100","0","2","0","2787.94131","3864.378868","4121.739795","2787.948027","3864.46030235","4121.7421482","10000","5000","5000","0","0","0","0","0","0","0","5000","0","0","5000","0","0","5000","0","5000","5000","0","0"
"20260710-004116-rdb-atomic-duplicate-u5000-pool10","rdb-atomic","rdb-atomic","duplicate","5000","5000","5000","100","10","30000","false","100","0","2","0","7432.463134","12675.800538","13194.948258","7434.124189","12675.96929885","13194.98545323","10000","5000","5000","0","0","0","0","0","0","5000","5000","0",,"5000","0","0","5000","0","0","0","0","0"
"20260710-004116-redis-frontgate-failure-u1000-pool10","redis-frontgate","redis-frontgate","failure","1000","1000","100","100","10","30000","false","100","10","1","0","424.685849","736.795118","759.47496","424.953254","736.81939305","759.47634734","1000","100","0","890","0","10","0","0","0","0","100","0","0","100","0","0","0","0","110","890","10","0"
"20260710-004116-rdb-atomic-failure-u1000-pool10","rdb-atomic","rdb-atomic","failure","1000","1000","100","100","10","30000","false","100","10","1","0","873.655807","1487.785706","1679.546265","873.873699","1487.8041956","1679.57353902","1000","100","0","890","0","10","0","0","0","100","100","0",,"100","0","0","0","0","0","0","10","0"
"20260710-004116-redis-frontgate-failure-u3000-pool10","redis-frontgate","redis-frontgate","failure","3000","3000","100","100","10","30000","false","100","10","1","0","859.371367","1401.165714","1463.775353","859.4234115","1401.2013579","1463.77891725","3000","100","0","2890","0","10","0","0","0","0","100","0","0","100","0","0","0","0","110","2890","10","0"
"20260710-004116-rdb-atomic-failure-u3000-pool10","rdb-atomic","rdb-atomic","failure","3000","3000","100","100","10","30000","false","100","10","1","0","2420.52885","2885.075432","3073.175754","2420.7103015","2885.07818235","3073.22166625","3000","100","0","2890","0","10","0","0","0","100","100","0",,"100","0","0","0","0","0","0","10","0"
"20260710-004116-redis-frontgate-failure-u5000-pool10","redis-frontgate","redis-frontgate","failure","5000","5000","100","100","10","30000","false","100","10","1","0","1281.869737","1663.403253","1754.082381","1281.888558","1663.41355265","1754.08519709","5000","100","0","4890","0","10","0","0","0","0","100","0","0","100","0","0","0","0","110","4890","10","0"
"20260710-004116-rdb-atomic-failure-u5000-pool10","rdb-atomic","rdb-atomic","failure","5000","5000","100","100","10","30000","false","100","10","1","0","3099.457755","3866.101571","4007.493444","3100.358882","3866.18462075","4007.53899368","5000","100","0","4890","0","10","0","0","0","100","100","0",,"100","0","0","0","0","0","0","10","0"
